ID,name,createdAt,createdBy,modifiedAt,modifiedBy
1449823,name-1449823,2011-03-23T18:30:00.000Z,createdBy.v2ov@example.org,2015-10-17T18:30:00.000Z,modifiedBy.v2ov@example.org
273853,name-273853,2007-07-13T18:30:00.000Z,createdBy.5vb1@example.com,2010-01-31T18:30:00.000Z,modifiedBy.5vb1@example.com
273854,name-273854,2017-04-21T18:30:00.000Z,createdBy.5vb2@example.net,2006-05-07T18:30:00.000Z,modifiedBy.5vb2@example.net
273855,name-273855,2022-06-27T18:30:00.000Z,createdBy.5vb3@example.com,2016-01-21T18:30:00.000Z,modifiedBy.5vb3@example.org
273856,name-273856,2012-11-17T18:30:00.000Z,createdBy.5vb4@example.net,2011-04-04T18:30:00.000Z,modifiedBy.5vb4@example.net
273857,name-273857,2003-04-27T18:30:00.000Z,createdBy.5vb5@example.org,2011-02-28T18:30:00.000Z,modifiedBy.5vb5@example.com
273858,name-273858,2013-09-30T18:30:00.000Z,createdBy.5vb6@example.com,2011-10-08T18:30:00.000Z,modifiedBy.5vb6@example.net
273859,name-273859,2011-06-21T18:30:00.000Z,createdBy.5vb7@example.com,2004-05-20T18:30:00.000Z,modifiedBy.5vb7@example.com
273860,name-273860,2013-10-23T18:30:00.000Z,createdBy.5vb8@example.org,2007-01-11T18:30:00.000Z,modifiedBy.5vb8@example.com
273861,name-273861,2001-05-26T18:30:00.000Z,createdBy.5vb9@example.com,2011-06-10T18:30:00.000Z,modifiedBy.5vb9@example.com